,Title,Summary,Date,Time,Link
0,"Trading Halted For 45 Minutes As Sensex, Nifty Plunge 10% Amid Coronavirus Lockdowns",Mondays trading halt was a second within a period of seven trading sessions as world markets continued to suffer the worst selloff since the 200809 global financial crisis Trading will resume at 1058 am with a preopening session at 1043 am Also Read Recovery Will Take A Long Time Say AnalystsThe Nifty Bank index  comprising stocks of 12 major lenders in the country including heavyweights SBI HDFC Bank and ICICI Bank  was down 1274 per cent Besides Nifty Bank all other 10 sectoral indices on the National Stock Exchange suffered losses till the trading halt and so did all of the 50 components in the Nifty basket of shares The Sensex opened 230716 points lower at 2760880 and the Nifty started the day at 794570 down 79975 points from its previous close,,,https://news.google.com/articles/CAIiECFpTCDi_rcGdEP5Gt6cQRUqGQgEKhAIACoHCAowwJmVCzD5-KoDML_VxQY?hl=en-IN&gl=IN&ceid=IN%3Aen
1,Rupee falls beyond 76 per USD for first time,The rupee today fell sharply against the US dollar weakening past the 76 per dollar mark for the first time The rupee fell to a record low of 7615 per US dollar against previous close of 7519 The rupee today opened at 7569 amid a broad strengthening of the US dollar against other major currencies The rupee may head to lower levels of around 77 in near term she added The dollar rose against major currencies today as the worsening coronavirus crisis accelerated the flight to cash,23-03-2020,09:29:58,https://news.google.com/articles/CBMigwFodHRwczovL3d3dy5saXZlbWludC5jb20vbmV3cy9pbmRpYS9ydXBlZS1kb2xsYXItZXhjaGFuZ2UtcmF0ZS10b2RheS1pbnItZmFsbHMtYmV5b25kLTc2LXBlci11c2QtZm9yLWZpcnN0LXRpbWUtMTE1ODQ5MzU2OTk3NzUuaHRtbNIBhwFodHRwczovL3d3dy5saXZlbWludC5jb20vbmV3cy9pbmRpYS9ydXBlZS1kb2xsYXItZXhjaGFuZ2UtcmF0ZS10b2RheS1pbnItZmFsbHMtYmV5b25kLTc2LXBlci11c2QtZm9yLWZpcnN0LXRpbWUvYW1wLTExNTg0OTM1Njk5Nzc1Lmh0bWw?hl=en-IN&gl=IN&ceid=IN%3Aen
2,Global Stocks Crumble as More Nations Shut Business to Curb Coronavirus,There was little to cheer in coronavirus news as the global death toll exceeded over 14000 with more than 300000 infections In New Zealand the central bank announced its first outright purchase of government paper aiming to inject muchneeded liquidity into the local market The US dollar started firm but took a step back after partisan battles in the US Senate stopped a coronavirus response bill from advancing We expect the dollar to remain firm against most crosses until policymakers intervene andor market conditions begin to stabilize Brent crude futures slipped 69 cents to 2629 a barrel while US crude gained 30 cents to 2293,23-03-2020,08:25:24,https://news.google.com/articles/CBMieWh0dHBzOi8vd3d3Lm5ld3MxOC5jb20vbmV3cy9idXNpbmVzcy9nbG9iYWwtc3RvY2tzLWNydW1ibGUtYXMtbW9yZS1uYXRpb25zLXNodXQtYnVzaW5lc3MtdG8tY3VyYi1jb3JvbmF2aXJ1cy0yNTQ2OTkzLmh0bWzSAX1odHRwczovL3d3dy5uZXdzMTguY29tL2FtcC9uZXdzL2J1c2luZXNzL2dsb2JhbC1zdG9ja3MtY3J1bWJsZS1hcy1tb3JlLW5hdGlvbnMtc2h1dC1idXNpbmVzcy10by1jdXJiLWNvcm9uYXZpcnVzLTI1NDY5OTMuaHRtbA?hl=en-IN&gl=IN&ceid=IN%3Aen
3,"telecom sector: AGR: Supreme Court verdict to be a colossal fall for telecom sector, says consumer group, Telecom News, ET Telecom",NEW DELHI The Supreme Courts October last verdict followed by its stand on March 18 on the adjusted gross revenue  AGR  asking telcos to pay outstanding worth Rs 92000 crore would trigger a gargantuan fall in the telecom sector  and the ruling has apparently overlooked the larger economy as well as job loss and consumer interest issues a consumer rights group said The Supreme Court seems to be unrelenting to the larger issues looming the economy including job losses and consumers interest while the government by proposing staggered payment of adjusted gross revenue AGR dues over 20 years period is protecting whatever little competition has remained in the telecom sector Pradeep S Mehta Secretary General CUTS International saidMehtas comments have come on the backdrop of the top courts inclination on its October decision on AGR matter asking companies to pay their longstanding dues to the Department of Telecommunications DoT and further slammed the telecom companies and the Centre for undertaking a selfassessment or reassessment exerciseHowever human resource HR analysts said that as many as 40000 job cuts are expected in the telecom sector during the current crisisThe court in its late last year upheld the DoTs demand and asked telecom operators to pay Rs 92000 crores in overdue levies and interest Financially struggling Vodafone Idea has a maximum liability of Rs 53000 crore while Bharti Airtel owes Rs 35000 croreIn its March 18 hearing a bench of Justices Arun Mishra MR Shah and SA Nazeer declined to entertain the governments plea for allowing telcos to payAGR dues in 20 years and said that the application would be taken up separately after two weeksFollowing the courts stand Vodafone Ideas business survival is becoming quite difficult according to industry analystsOn fears of probable exit of a major player Vodafone Idea Mehta said Functioning of all the four telecom operators is vital for healthy competition in the telecom sector Vodafone Idea Bharti Airtel and Tata Teleservices have so far partially paid their dues to the government as per their internal assessment“It is hoped that the apex court while it is right could seriously consider the Centres proposal of staggered payment in its next hearing but the higher courts should be sensitive to economic and consumer impact that their judgements could ensue” he said“Given that public sector firms in the telecom sector are nearly decimated the impact of Supreme Court’s decision will be a gargantuan fall in the sector which cannot be contained by other players in their current capacity” Mehta addedCUTS International or the Consumer Unity  Trust Society is a nonprofit organisation that focusses on consumer protection economic policies competition laws human development regulatory issues and social change,,,https://news.google.com/articles/CBMikQFodHRwczovL3RlbGVjb20uZWNvbm9taWN0aW1lcy5pbmRpYXRpbWVzLmNvbS9uZXdzL2Fnci1zdXByZW1lLWNvdXJ0LXZlcmRpY3QtdG8tYmUtYS1jb2xvc3NhbC1mYWxsLWZvci10ZWxlY29tLXNlY3Rvci1zYXlzLWNvbnN1bWVyLWdyb3VwLzc0NzU3MTgy0gGVAWh0dHBzOi8vdGVsZWNvbS5lY29ub21pY3RpbWVzLmluZGlhdGltZXMuY29tL2FtcC9uZXdzL2Fnci1zdXByZW1lLWNvdXJ0LXZlcmRpY3QtdG8tYmUtYS1jb2xvc3NhbC1mYWxsLWZvci10ZWxlY29tLXNlY3Rvci1zYXlzLWNvbnN1bWVyLWdyb3VwLzc0NzU3MTgy?hl=en-IN&gl=IN&ceid=IN%3Aen
4,"Maruti Suzuki, Hero, Tata, Bajaj Announces Plant Closure Due To COVID-19",“The company will shut production and office operations at its facilities in Gurugram and Manesar Haryana with immediate effect till further notice” MSI said in a regulatory filing Maruti Suzuki is however not the only manufacturer that has seized its operations in light of the global pandemic Ahead of this Tata motors in an official statement announced that it will close down the Pune plants by end Tuesday or March 24 to March 31 Similarly Mahindra and Mahindra also announced that it would suspend operations at its Nagpur Plant with immediate effect and Chakan Pune and Kandivali Mumbai from Monday night onwards We standby them during this tough phase and urge everyone to take all possible measures to prevent COVID19 from spreading further,22-03-2020,14:30:11,https://news.google.com/articles/CBMiXWh0dHBzOi8vZ2FhZGl3YWFkaS5jb20vbWFydXRpLXN1enVraS1oZXJvLXRhdGEtYmFqYWotYW5ub3VuY2VzLXBsYW50LWNsb3N1cmUtZHVlLXRvLWNvdmlkLTE5L9IBYWh0dHBzOi8vZ2FhZGl3YWFkaS5jb20vbWFydXRpLXN1enVraS1oZXJvLXRhdGEtYmFqYWotYW5ub3VuY2VzLXBsYW50LWNsb3N1cmUtZHVlLXRvLWNvdmlkLTE5L2FtcC8?hl=en-IN&gl=IN&ceid=IN%3Aen
5,"Terror attacks in 1993 and 2008: Two instances when the BSE, NSE were shut",Authorities for now have decided against shutting stock exchanges and financial on Monday in the wake of Covid19 pandemic In a notification the National Stock Exchange NSE and BSE said it would be business as usual and all market segments will operate normally The two instances the were shut by authorities was back in 1993 and in 2008 in the wake of terror attacks in Mumbai The 1993 terror attack was a series of 12 bomb explosions that rocked Mumbai then known as Bombay on 12 March More recently in 2008 a series of coordinated attacks in Mumbai shook the city between November 26 till November 28,,,https://news.google.com/articles/CAIiEBtWN3h1XLFCG56nRX5-36QqGQgEKhAIACoHCAowsLXdCjCm3dEBMNS-swY?hl=en-IN&gl=IN&ceid=IN%3Aen
6,"COVID-19 outbreak: From today, bank branches only for essential services",The new arrangement is put in place in the wake of Covid19 outbreak The Indian Banks’ Association IBA has announced that effective Monday banks will undertake only essential services like cash deposit and withdrawal cheque clearances remittances and government transactions The new arrangement is put in place in the wake of Covid19 outbreak Reserve Bank of India’s governor Shaktikanta Das had also requested customers to use digital banking to minimise impact of Covid19 In order to minimise facetoface meeting the IBA had urged people to use digital platforms instead for lending,23-03-2020,02:00:27,https://news.google.com/articles/CAIiEHMCml1EsK--K6M3LkbKYlgqGQgEKhAIACoHCAow55veCjDzvdUBMIPh5gU?hl=en-IN&gl=IN&ceid=IN%3Aen
7,"Gold prices today move higher but down ₹ 4,000 per 10 gram in 2 weeks",Gold prices today edged higher in Indian markets amid a sharp fall in rupee against the US dollar On MCX April gold futures were up 08 to ₹40684 per 10 gram Gold prices in India have seen a sharp correction since hitting a record high of about ₹45000 per 10 gram tracking similar movement in global rates Despite todays upmove in gold prices the precious metal is down about ₹4000 per 10 gram in about two weeks in domestic markets Gold prices in India include 125 import duty and 3 GST,23-03-2020,09:13:52,https://news.google.com/articles/CBMifmh0dHBzOi8vd3d3LmxpdmVtaW50LmNvbS9uZXdzL2luZGlhL2dvbGQtcHJpY2VzLXRvZGF5LW1vdmUtaGlnaGVyLWJ1dC1kb3duLXJzLTQtMDAwLXBlci0xMC1ncmFtLWluLTItd2Vla3MtMTE1ODQ5MzE0NDUyNDIuaHRtbNIBggFodHRwczovL3d3dy5saXZlbWludC5jb20vbmV3cy9pbmRpYS9nb2xkLXByaWNlcy10b2RheS1tb3ZlLWhpZ2hlci1idXQtZG93bi1ycy00LTAwMC1wZXItMTAtZ3JhbS1pbi0yLXdlZWtzL2FtcC0xMTU4NDkzMTQ0NTI0Mi5odG1s?hl=en-IN&gl=IN&ceid=IN%3Aen
8,"COAI asks Netflix, Amazon Prime Video, others to take steps to ease network pressure",Anticipating a spike in online video streaming demand amid lockdown and quarantine measures to contain the spread of coronavirus COAI has urged the government to issue immediate instructions to streaming platforms like Netflix Amazon Prime Video and others to initiate measures that will ease pressure on network infrastructure which is needed for critical functions at this juncture In a letter to Telecom Secretary Anshu Prakash COAI has said Due to lockdown quarantine measures in various parts of the country a sudden surge in demand for online video streaming is also expected to rise substantially Citing the unprecedented situation due to the outbreak of coronavirus COAI noted that the governments are taking various measures to reduce social interactions in order to contain the spread of the pandemic This sudden surge in digital use is already putting pressure on the network infrastructure of the Telecom Service Providers TSPs COAI said We understand that similar measures are being taken by various streaming platforms internationally like in the US and Europe as more and more countries enter lockdown to combat the spread of the virus COAI said,,,https://news.google.com/articles/CAIiEJp1izKEyfIBbA1bYw_FflIqGQgEKhAIACoHCAowlbCPCzCrzaIDMOjUrgY?hl=en-IN&gl=IN&ceid=IN%3Aen
9,Reliance Jio introduces Work From Home pack for Rs 251: Here’s everything you should know,Following the trend Reliance Jio also introduced a work from the home plan at Rs 251 for all its users who are working from home The Reliance Jio Work From Home plan at Rs 251 offers 2GB data every day and it is valid for 51 days The Rs 11 pack that earlier offered 400MB data now comes with 800MB data and 75 minutes of Jio to other networks calling benefits The Rs 51 data booster pack that earlier offered a total of 3GB data now offers 6GB data along with 500 minutes Jio to other networks calling benefits These plans are useful when you exhaust the internet data of your existing plans you can always recharge with these plans,23-03-2020,09:19:16,https://news.google.com/articles/CAIiELTv8kVpdtbk-gNjdXli3IkqGQgEKhAIACoHCAowot7cCjD8xM4BMJTu8gU?hl=en-IN&gl=IN&ceid=IN%3Aen
10,AirAsia Pilot Escapes Via Secondary Exit as Suspected COVID-19 Patients on Pune-Delhi Flight Lead to Scare,New Delhi Suspected presence of COVID19affected passengers in a PuneDelhi AirAsia flight led to a scare in the plane and the pilotincommand disembarked them from the cockpits secondary exit using a secure trestle The passengers however were subsequently tested negative There was a case reported of suspected COVID19 passengers aboard I5732 Pune to New Delhi on March 20 seated in row 1 The passengers were subsequently screened and tested negative said a spokesperson with the airline The captain elected to disembark from the secondary exit using a secure trestle given the close proximity of the seats from the cockpit the spokesperson added,,,https://news.google.com/articles/CAIiEKFEedPdGpJLOaRSvY9O9LQqGQgEKhAIACoHCAow5qqNCzD4q58DMOiXqgY?hl=en-IN&gl=IN&ceid=IN%3Aen
11,"Coronavirus pandemic: Mutual fund operations to be impacted, AMFI writes to SEBI",The Association of Mutual Funds in India AMFI has written a letter to the Securities and Exchange Board of India SEBI addressing to S V Muralidhar about the impact on mutual fund operations in the wake of coronavirus pandemic The MF Registrars and service providers such as Custodians and Fund Accountants are also impacted and most of their employees are also directed to work from home” AMFI stated in the letter The mutual fund association stated in the letter that it would be difficult to accept physical transactions from investors If there exceptional redemption pressures on the mutual funds SEBI may kindly consider relaxation in the borrowing limits allows under the regulations as requested by AMCs on case to case basis AMFI said “All mutual fund investors and distributors are requested to bear with the mutual funds and to use the digitalelectronic modes for their mutual fund transactionsPlease avoid travelling except for medical reasons or emergencies till the situation becomes normal and stay healthy” AMFI said,,,https://news.google.com/articles/CAIiEC732lvYwgUqlxKahyCGco0qGQgEKhAIACoHCAowlbCPCzCrzaIDMLL1zQY?hl=en-IN&gl=IN&ceid=IN%3Aen
12,"Stocks in the news: YES Bank, Maruti, Ashok Leyland, Voda Idea, Escorts and Dalmia Bharat",IndiaIndiaNEW DELHI Nifty futures on the Singapore Exchange traded 107715 points or 123 per cent lower at 767725 indicating a gapdown start for Dalal Street Here are a few stocks which may buzz the most in today’s tradeThe countrys leading automakers including Maruti Suzukiand Mahindra  Mahindra announced suspension of manufacturing activities across plants in the wake of the coronavirus outbreak in the country In the twowheeler segment Hero MotoCorp suspended production across all manufacturing plantsThe cement maker said its board has approved a proposal to buy back shares worth up to Rs 500 crore SBI the lead banker will get Rs 300 crore from the resolution of this account sources said PNB will write back about Rs 100 crore from this sources saidThe companys singleday production peaked to a new high of 317 million tonnes on March 20 a company official said on Saturday,23-03-2020,08:03:00,https://news.google.com/articles/CAIiEJfYujoY13VCFsH1wzzDPKcqGQgEKhAIACoHCAow2pqGCzD954MDMJzyigY?hl=en-IN&gl=IN&ceid=IN%3Aen
13,"FMCG companies slash sanitiser, face mask prices by up to 70%",The order is effective till June 30“We have started new production at the governmentdecided price “HUL will stand in support of the nation during this crisis” the person said Dabur has corrected prices of its sanitiser sold onlinePatanjali Ayurved is expected to roll out its own brand of sanitiers next week said spokesperson SK Tijarawala “We believe in responding to consumer needs on a nonprofit basis” he saidMeanwhile India’s two largest online marketplaces Amazon and Flipkart have also asked sellers to cut prices of sanitisers and masks immediately or face blocks on their listings “Should there be instances where sellers breach these directives we have provisions in place for delisting as applicable” the person said,22-03-2020,17:38:00,https://news.google.com/articles/CAIiEDmFzPC5tbthd1U83GmEqnIqGQgEKhAIACoHCAow2pqGCzD954MDMNCRzgY?hl=en-IN&gl=IN&ceid=IN%3Aen
14,"Coronavirus impact: Mahindra to make ventilators, Anil Agarwal pledges ₹100 crore",“We need to create scores of temporary hospitals and we have a scarcity of ventilators To help in the response of this unprecedented threat we at the Mahindra Group will immediately begin work on how our manufacturing facilities can make ventilators Mahindra said in a series of tweets “I will contribute 100 of my salary to it and will add more over the next few months Mahindra tweeted In a similar initiative Vedanta Resources Ltd chairman Anil Agarwal said on Sunday that he will commit ₹100 crore towards fighting the pandemic This fund is a first step on Vedanta’s behalf and we will increase the corpus if the need arises said Agarwal,22-03-2020,20:15:16,https://news.google.com/articles/CAIiENynRF2iy13I-m-edZXo5OsqFwgEKg4IACoGCAowxLQ_MNevCDDnvNMF?hl=en-IN&gl=IN&ceid=IN%3Aen
15,How RBI set up war-room in just one day amid coronavirus outbreak,The warroom is in fact manned by 90 most critical staff from the Reserve Bank 60 key personnel from its 600people strong workforce from its external vendors and around 70 facility staff The most critical functions that the warroom handles are debt management reserve management and monetary operations There is also eKuber that includes services for the central and state governments transactions and interbank transactions among others According to the official the warroom is now being handled by around 90 of them Besides there are around 60 people from external vendors and 70 facility staff,,,https://news.google.com/articles/CAIiEHrrpzGDTwsklNVYsk1lbJEqGQgEKhAIACoHCAowsLXdCjCm3dEBMOThpAM?hl=en-IN&gl=IN&ceid=IN%3Aen
16,Oil Prices Fall Again as OPEC Deals Fails to Materialise,Oil Prices Fall Again as OPEC Deals Fails to MaterialiseCommodities 4 hours ago Mar 22 2020 1012PM ET© Reuters By Gina Lee Investingcom  Oil prices plummeted to their lowest levels since 2003 as an anticipated deal between OPEC and the US failed to materialise On Friday OPEC Secretary General Mohammad Barkindo invited Texas Railroad Commissioner Ryan Sitton to the organisation’s summer meeting in June Although this invitation quickly raised hopes for a deal to stabilise oil prices Sitton attracted criticism as he called for decreased production of Texan crude output for the first time since 1970 American Petroleum Institute Senior Vice President Frank Macchiarola told Bloomberg “It seems totally irrational that the solution to the disruptive behavior of Saudi Arabia and Russia would be to imitate OPEC”Oil Prices Fall Again as OPEC Deals Fails to Materialise,,,https://news.google.com/articles/CBMicGh0dHBzOi8vd3d3LmludmVzdGluZy5jb20vbmV3cy9jb21tb2RpdGllcy1uZXdzL29pbC1wcmljZXMtZmFsbC1hZ2Fpbi1hcy1vcGVjLWRlYWxzLWZhaWxzLXRvLW1hdGVyaWFsaXNlLTIxMTgxNzPSAQA?hl=en-IN&gl=IN&ceid=IN%3Aen
17,Emirates Reverses Decision To Suspend All Passenger Flights,Emirates will proceed to fly to the UK US Switzerland Hong Kong Japan Singapore Australia CanadaDubaiDubai provider Emirates reversed on Sunday its determination to droop all passenger flights shortly after it mentioned it will halt operations from March 25 amid the novel coronavirus outbreak The airline mentioned it “received requests from governments and customers to support the repatriation of travellers” and can proceed to function passenger flights to 13 locations down from its normal 159 Emirates will proceed to fly to the United Kingdom Switzerland Hong Kong Thailand Malaysia the Philippines Japan Singapore South Korea Australia South Africa the United States and Canada The announcement was made simply hours after a earlier assertion mentioned the provider “will have temporarily suspended all its passenger operations” by March 25 The United Arab Emirates on Friday introduced its first two deaths from the COVID19 illness having reported 153 infections thus far of which 38 folks have recovered,23-03-2020,00:05:14,https://news.google.com/articles/CAIiEGRtPmG2mipTFA03Sf24UvoqGQgEKhAIACoHCAow8PiWCzCToK4DMOr7zQY?hl=en-IN&gl=IN&ceid=IN%3Aen
18,Coronavirus Effect: GoAir Announces 50 per cent Pay Cut for its Top Employees,The top leadership of GoAir is taking a 50 per cent pay cut with immediate effect the airlines CEO Vinay Dube told its employees in an email on Saturday As revenues have fallen drastically amid the coronavirus pandemic the airline has already laid off its expat pilots and announced leave without pay for its employees The top leadership has stepped forward and volunteered to go for 50 per cent pay cut with immediate effect the CEO said in his email These measures are temporary and are purely with the intention to successfully combat the deep challenges that COVID19 has created for the aviation industry including GoAir he added The Maharashtra Government has announced a complete lockdown of workplace for safety and security of the people and to contain the outbreak as a result of which we have also urged our employees working out of different office across Maharashtra except those directly involved in Operations to work from home and support the business critical requirements and our operations team the CEO stated,21-03-2020,23:00:12,https://news.google.com/articles/CBMifmh0dHBzOi8vd3d3Lm5ld3MxOC5jb20vbmV3cy9idXNpbmVzcy9jb3JvbmF2aXJ1cy1lZmZlY3QtZ29haXItYW5ub3VuY2VzLTUwLXBlci1jZW50LXBheS1jdXQtZm9yLWl0cy10b3AtZW1wbG95ZWVzLTI1NDU5ODEuaHRtbNIBggFodHRwczovL3d3dy5uZXdzMTguY29tL2FtcC9uZXdzL2J1c2luZXNzL2Nvcm9uYXZpcnVzLWVmZmVjdC1nb2Fpci1hbm5vdW5jZXMtNTAtcGVyLWNlbnQtcGF5LWN1dC1mb3ItaXRzLXRvcC1lbXBsb3llZXMtMjU0NTk4MS5odG1s?hl=en-IN&gl=IN&ceid=IN%3Aen
19,"Monday's biggest brokerage calls: Cadila Healthcare, L&T and more",MarketMondays biggest brokerage calls Cadila Healthcare LT and moreUpdated  20200323 083915The Indian markets are set to open lower on Monday following Asian peers as selloff by investors as the coronavirus outbreak continues to spread rapidly across the world Meanwhile among brokerages CLSA and Morgan Stanley are bullish on Cadila Healthcare whereas Credit Suisse remains neutral on LT Here are the top brokerage calls for todayCNBCTV18Credit Suisse on LT The brokerage is neutral on the stock with a target at Rs 1325 per share Morgan Stanley on Cadila Healthcare The brokerage is overweight on the stock with a target at Rs 304 per share CLSA on Cadila The brokerage has a buy rating on the stock with a target at Rs 330 per share,,,https://news.google.com/articles/CBMicWh0dHBzOi8vd3d3LmNuYmN0djE4LmNvbS9tYXJrZXQvc3RvY2tzL21vbmRheXMtYmlnZ2VzdC1icm9rZXJhZ2UtY2FsbHMtY2FkaWxhLWhlYWx0aGNhcmUtbHQtYW5kLW1vcmUtNTUzNDIzMS5odG0v0gF0aHR0cHM6Ly93d3cuY25iY3R2MTguY29tL21hcmtldC9zdG9ja3MvbW9uZGF5cy1iaWdnZXN0LWJyb2tlcmFnZS1jYWxscy1jYWRpbGEtaGVhbHRoY2FyZS1sdC1hbmQtbW9yZS01NTM0MjMxLmh0bS9hbXA?hl=en-IN&gl=IN&ceid=IN%3Aen
20,"Centre nod to incentive scheme of Rs 40,995 cr for electronics firms",The new scheme is WTOcompliant as it targets production of phones made by or for foreign players which have a manufacturing value of at least 200 according to device manufacturers The company has invested Rs 5000 crore in a new plant near Delhi with a peak capacity to manufacture 120 million phones per annum The move to offer incentives will also help domestic players including Lava Micromax and Karbonn which invest in manufacturing mobile handsets The government also expects the new incentive scheme to help increase domestic value addition for mobile phones to 3540 per cent by 2025 from the current level of 2025 per cent Major EMS electronics manufacturing services companies like Flex Wistron Foxcon Dixon will lead the manufacturing thrust” said Nitin Kunkolienker president MAIT,,,https://news.google.com/articles/CAIiEFTu8CeFWqatrSRNnP28n7wqGQgEKhAIACoHCAowsLXdCjCm3dEBMOThpAM?hl=en-IN&gl=IN&ceid=IN%3Aen
21,Hyundai Motors to suspend production at its Chennai plant from Monday,Hyundai Motors to suspend production at its Chennai plant from MondayIn a statement issued late on Sunday night the company said that it will wait for further notifications from the government of Tamil Nadu to resume operations at the plant In a statement late on Sunday night Hyundai Motor India Ltd HMIL said We will await further notifications from the state Tamil Nadu government to resume operations at the plant Meanwhile Tamil Nadu has shut its borders to nonessential vehicular movements between its neighbouring states of Kerala Karnataka and Andhra Pradesh The state government has also restricted public transport across Chennai till March 31 Only 50 of the Metropolitan Transport Corporation bus fleet will be operational in the city while the Chennai Metro rail has completely suspended operations till March 31,23-03-2020,09:01:06,https://news.google.com/articles/CAIiEDLIX0AKlYv9YlliHs4VSuYqGQgEKhAIACoHCAow7pf_CjDdlfgCMP2F6gU?hl=en-IN&gl=IN&ceid=IN%3Aen
22,Amazon’s Jeff Bezos tells workers coronavirus will ‘get worse’,Amazoncom Inc Chief Executive Officer Jeff Bezos warned his company’s 800000 employees that the coronavirus outbreak will likely “get worse before it gets better according to an open letter shared Saturday on his Instagram account Key rival Walmart Inc is also hiring workers and doling out bonuses to staff helping it meet demand More PayBoth companies face criticism from lawmakers workers and activists for not doing enough to protect hourly workers on the front lines of the crisis The Amazon delivery drivers in California told Bloomberg they received one single disinfecting wipe to clean vans before the start of their shifts Amazon is now one of the three most biggest US companies by market value making Bezos the world’s richest man,23-03-2020,05:14:33,https://news.google.com/articles/CBMieGh0dHBzOi8vd3d3LmxpdmVtaW50LmNvbS9jb21wYW5pZXMvbmV3cy9hbWF6b24tcy1qZWZmLWJlem9zLXRlbGxzLXdvcmtlcnMtY29yb25hdmlydXMtd2lsbC1nZXQtd29yc2UtMTE1ODQ5MjA0NDU5MzYuaHRtbNIBfGh0dHBzOi8vd3d3LmxpdmVtaW50LmNvbS9jb21wYW5pZXMvbmV3cy9hbWF6b24tcy1qZWZmLWJlem9zLXRlbGxzLXdvcmtlcnMtY29yb25hdmlydXMtd2lsbC1nZXQtd29yc2UvYW1wLTExNTg0OTIwNDQ1OTM2Lmh0bWw?hl=en-IN&gl=IN&ceid=IN%3Aen
23,Oil prices fall as US economic package crashes,Oil prices fell at the open in Asia on Monday after a trilliondollar Senate proposal to help the coronavirushit American economy was defeated and death tolls soared across Europe and the US The latest drop came after a trilliondollar Senate proposal to rescue the US economy was defeated after receiving zero support from Democrats and with five Republicans absent from the chamber because of virusrelated quarantines The bill had proposed funding for American families thousands of shuttered or suffering businesses and the nations critically underequipped hospitals Also Read Coronavirus India update Statewise total number of confirmed casesCoronavirus deaths soared across Europe and the United States at the weekend despite heightened restrictions Oil markets collapsed out of the gate this morning as prices react to stringent containment lockdown measures he said,23-03-2020,08:05:33,https://news.google.com/articles/CBMibmh0dHBzOi8vd3d3LmRlY2NhbmhlcmFsZC5jb20vYnVzaW5lc3MvYnVzaW5lc3MtbmV3cy9vaWwtcHJpY2VzLWZhbGwtYXMtdXMtZWNvbm9taWMtcGFja2FnZS1jcmFzaGVzLTgxNjYyNC5odG1s0gFyaHR0cHM6Ly93d3cuZGVjY2FuaGVyYWxkLmNvbS9hbXAvYnVzaW5lc3MvYnVzaW5lc3MtbmV3cy9vaWwtcHJpY2VzLWZhbGwtYXMtdXMtZWNvbm9taWMtcGFja2FnZS1jcmFzaGVzLTgxNjYyNC5odG1s?hl=en-IN&gl=IN&ceid=IN%3Aen
24,Decline in pledged shares sends promoters running for cover,Data for pledged promoter shares of BSE 500 companies showed that amid the bloodbath in the past few weeks the value of pledged shareholding has fallen by almost 30 The total value of pledged promoter shares of these companies has come down to ₹127 trillion as on 20 March from ₹178 trillion on 31 December Some of the companies with steep declines in pledged promoter shareholding value include Future Retail SpiceJet IndusInd Bank and Gayatri Projects In terms of absolute value of pledged shares companies that have seen major declines include companies from the Adani group Future group as well as JSW Steel and Emami Ltd “While there are certain types of capital available in the market for promoters to tap into most of it is highcost capital,22-03-2020,23:46:34,https://news.google.com/articles/CAIiEDMZk1nQZiDGbLvzD8jow90qFggEKg4IACoGCAowxLQ_MNevCDD45Co?hl=en-IN&gl=IN&ceid=IN%3Aen
25,Nine stocks listed for F&O ban on March 23; what does SEBI circular mean for markets?,The move is aimed at reducing the volatility in the market as it could curb shortselling both in the FO as well as the cash segment The regulator also introduced margins in the cash market on stocks that are part of the FO list and even on stocks that are not part of the list SEBIs new norms are expected to be a market confidenceboosting factor and are aimed at reducing the extreme volatility seen in FO stocks Restricting fresh short positions against the underlying security will curb fresh naked short positions in the market Effectively about 1012 of the FO stocks would see an impact,,,https://news.google.com/articles/CBMigQFodHRwczovL3d3dy5tb25leWNvbnRyb2wuY29tL25ld3MvYnVzaW5lc3MvbWFya2V0cy9uaW5lLXN0b2Nrcy1saXN0ZWQtZm9yLWYtd2hhdC1kb2VzLXNlYmktY2lyY3VsYXItbWVhbi1mb3ItbWFya2V0cy01MDU5NzMxLmh0bWzSAYUBaHR0cHM6Ly93d3cubW9uZXljb250cm9sLmNvbS9uZXdzL2J1c2luZXNzL21hcmtldHMvbmluZS1zdG9ja3MtbGlzdGVkLWZvci1mLXdoYXQtZG9lcy1zZWJpLWNpcmN1bGFyLW1lYW4tZm9yLW1hcmtldHMtNTA1OTczMS5odG1sL2FtcA?hl=en-IN&gl=IN&ceid=IN%3Aen
26,Singapore Airlines cuts capacity by 96%; grounds most of its fleet,Singapore Airlines announced on March 23 that it would cut capacity by 96 percent and ground almost all of its fleet in response to coronavirus travel restrictions that the carrier said was “the greatest challenge” it had ever faced The move comes as global travel hub Singapore closed its borders to travellers and transiting passengers in an effort to stem the spread of the virus The airline said its lowcost carrier Scoot will also suspend most of its network resulting in the grounding of 47 of its fleet of 49 aircraft “It is unclear when the SIA Group can begin to resume normal services given the uncertainty as to when the stringent border controls will be lifted” the airline said Singapore Airlines said it was looking to shore up its liquidity and reduce capital expenditure and operating costs while also asking aircraft manufacturers to defer upcoming deliveries and salary cuts for management,,,https://news.google.com/articles/CAIiEFlcMtuz4ardM9PFoz5G988qGQgEKhAIACoHCAowlbCPCzCrzaIDMLL1zQY?hl=en-IN&gl=IN&ceid=IN%3Aen
27,WATCH: Mukesh Ambani Gives Shoutout To Warriors Of COVID-19 Fight From His Residence,The nation united following the instructions of Prime Minister Narendra Modi in the fight against COVID19 Ambani one of the richest persons in the world rang the bell on the terrace of his residence Antilla in Mumbai on Sunday Earlier in the day the who’s who of Bollywood had also come together on their balconies windows and terrace to honour those battling COVID19 Get the latest entertainment news from India  around the world Tune in today to stay updated with all the latest news and headlines from the world of entertainment,,,https://news.google.com/articles/CAIiEBqRxSgH3-JuUOPIKs27LzkqGQgEKhAIACoHCAowwZKRCzDO1KUDMOT4tgY?hl=en-IN&gl=IN&ceid=IN%3Aen
28,"Grofers says stoppage, arrest of riders during Janta Curfew delay order delivery",Online grocery platform Grofers said many of its delivery persons were stopped and arrested on Sunday even as ecommerce firms were to be exempted during Janta Curfew announced to combat the spread on coronavirus in the country The company said these developments had led to a delay in the delivery of almost 20000 orders countrywide Dhindsa said that due to some confusion regarding the services exempted many of its delivery riders were stopped and arrested that led to a delay in the delivery of almost 20000 orders countrywide Dhindsa noted that in a few states including Maharashtra Grofers is also facing forced shut down of warehouses Dhindsa said the company is abiding by the rules and ensuring the maintenance of proper hygiene and sanitation in its facilities and vehicles,22-03-2020,21:59:45,https://news.google.com/articles/CBMijwFodHRwczovL3d3dy5kZWNjYW5oZXJhbGQuY29tL2J1c2luZXNzL2J1c2luZXNzLW5ld3MvZ3JvZmVycy1zYXlzLXN0b3BwYWdlLWFycmVzdC1vZi1yaWRlcnMtZHVyaW5nLWphbnRhLWN1cmZldy1kZWxheS1vcmRlci1kZWxpdmVyeS04MTY1NTkuaHRtbNIBkwFodHRwczovL3d3dy5kZWNjYW5oZXJhbGQuY29tL2FtcC9idXNpbmVzcy9idXNpbmVzcy1uZXdzL2dyb2ZlcnMtc2F5cy1zdG9wcGFnZS1hcnJlc3Qtb2YtcmlkZXJzLWR1cmluZy1qYW50YS1jdXJmZXctZGVsYXktb3JkZXItZGVsaXZlcnktODE2NTU5Lmh0bWw?hl=en-IN&gl=IN&ceid=IN%3Aen
29,"Mahindra Suspends Operations At Nagpur Plant, Mumbai & Pune From Monday",Mahindra and Mahindra has announced that the company will be suspending operations at the Nagpur plant with immediate effect The Maharashtra government has already put the cities of Mumbai Pune Nagpur and PimpriChinchwad under partial lockdown to reduce the risk of spreading the virus In addition Mahindras Kandivali Mumbai and Chakan Pune facilities will be temporarily shut down as well from Monday March 23 2020 With the announcement Mahindra joins Hero MotoCorp and FCA India that have shut operations for the next two weeks For the latest auto news and reviews follow CarandBike on Twitter Facebook and subscribe to our YouTube channel,,,https://news.google.com/articles/CAIiEJkZybW7ofAmBx_rz6x4rLMqGQgEKhAIACoHCAow_dGFCzD1goMDMMDYzgY?hl=en-IN&gl=IN&ceid=IN%3Aen
30,Gravitas Is The First 7-Seater Tata SUV Built On OMEGA ARC Platform,While the micro SUV will sit at the bottom of the SUV range below the Nexon there is a premium model waiting to head the portfolio as well The biennial motoring show also witnessed the debut of the productionspec sevenseater Harrier christened the Gravitas The modular platform has enabled Tata to infuse more practicality into the mix as the Gravitas is nothing but the threerow variant of the Harrier Upon arrival the Gravitas becomes the first sevenseater model to be underpinned by the OMEGA ARC platform The BSVI compliant unit is paired with either a sixspeed manual or a sixspeed torque converter automatic transmission,22-03-2020,03:00:04,https://news.google.com/articles/CBMiW2h0dHBzOi8vZ2FhZGl3YWFkaS5jb20vZ3Jhdml0YXMtaXMtdGhlLWZpcnN0LTctc2VhdGVyLXRhdGEtc3V2LWJ1aWx0LW9uLW9tZWdhLWFyYy1wbGF0Zm9ybS_SAV9odHRwczovL2dhYWRpd2FhZGkuY29tL2dyYXZpdGFzLWlzLXRoZS1maXJzdC03LXNlYXRlci10YXRhLXN1di1idWlsdC1vbi1vbWVnYS1hcmMtcGxhdGZvcm0vYW1wLw?hl=en-IN&gl=IN&ceid=IN%3Aen
31,"Samsung, Oppo, Vivo stop smartphone production in India as govt announces COVID-19 lockdowns",techUpdated Mar 23 2020 1002 ISTOppo Vivo and Samsung have stopped production at their Greater Noida factories as the government announced a lockdown to handle the COVID19 pandemic These smartphone companies will be meeting Uttar Pradesh government officials tonight to discuss the “future course of action” reported ET Telecom Samsung India confirmed that its production in India has been suspended till further notice According to ET Telecom Vivo has already asked all it nonfactory workers to work from home from Monday The publication added that telecom firms Ericsson and Nokia are still continuing with production work at their Chennai and Pune factories,22-03-2020,22:32:03,https://news.google.com/articles/CAIiEB4pHvHgkVfhXAxpjwegF5QqFggEKg4IACoGCAoww7k_MMevCDCJzgE?hl=en-IN&gl=IN&ceid=IN%3Aen
32,India Inc steps up to fund fight against coronavirus,Representative imageMore on Covid19Download The Times of India News App for Latest Business NewsSubscribe Start Your Daily Mornings with Times of India Newspaper Order NowMUMBAI Corporate India is increasingly revealing its generous side to commit assistance in various forms in the country’s fight against the virus Billionaire Anil Agarwal said his company Vedanta is setting aside Rs 100 crore initially to support daily wage workers and contract employees working at the mining giant’s factories in India The chairman of Mahindra  Mahindra earned a remuneration of Rs 9 crore in fiscal 2019Paytm founder Vijay Shekhar Sharma is committing Rs 5 crore to help accelerate development of medical solutions Our project team stands ready to assist the government and the army in erecting temporary care facilities” tweeted Mahindra,,,https://news.google.com/articles/CAIiEElODr2ec1gz5GQjxhA9Ve4qGQgEKhAIACoHCAowzrL9CjDC7vQCMK2y1gU?hl=en-IN&gl=IN&ceid=IN%3Aen
33,Hero MotoCorp shuts down all plants globally as coronavirus spreads,On Saturday alone more than 60 new cases were registered as the tally of those affected by the deadly virus touched 315 in India Earlier in February HMCL had announced a production loss of 10 which it attributed to the supply chain disruption caused by the fast spreading pandemic The virus has caused havoc across the globe with total casualties touching 12944 It has so far affected 303180 people in 168 countries including the 91669 who have recovered COVID19 has already forced the likes of Volkswagen and Peugeot to shut their plants,22-03-2020,03:11:34,https://news.google.com/articles/CBMie2h0dHBzOi8vd3d3LmxpdmVtaW50LmNvbS9uZXdzL2luZGlhL2hlcm8tbW90b2NvcnAtc2h1dHMtZG93bi1hbGwtcGxhbnRzLWdsb2JhbGx5LWFzLWNvcm9uYXZpcnVzLXNwcmVhZHMtMTE1ODQ4MjUxNjgyOTMuaHRtbNIBf2h0dHBzOi8vd3d3LmxpdmVtaW50LmNvbS9uZXdzL2luZGlhL2hlcm8tbW90b2NvcnAtc2h1dHMtZG93bi1hbGwtcGxhbnRzLWdsb2JhbGx5LWFzLWNvcm9uYXZpcnVzLXNwcmVhZHMvYW1wLTExNTg0ODI1MTY4MjkzLmh0bWw?hl=en-IN&gl=IN&ceid=IN%3Aen
34,Coronavirus update: Calls for rate cut grow louder,“Policy authorities have responded with emergency measures and more recently advanced economies have coordinated large policy rate reductions ” Das said The next RBI policy meeting outcome is on 3 April and Das is facing growing calls to join those central banks and announce monetary stimulus Other governments and central banks have acted with greater alacrity in responding to the economic impact of the coronavirus The US government plans to give 1000 per adult and 500 per child in direct money transfers as part of a stimulus package to help mitigate the economic impact of the crisis “Everyone likes a rate cut” he added when asked if a coordinated response from global peers would lead to market pressure on him,22-03-2020,08:38:54,https://news.google.com/articles/CBMibWh0dHBzOi8vd3d3LmhpbmR1c3RhbnRpbWVzLmNvbS9idXNpbmVzcy1uZXdzL2NhbGxzLWZvci1yYXRlLWN1dC1ncm93LWxvdWRlci9zdG9yeS1FdGRrWWYxcDk1ZERYVmhpS0N4VWVQLmh0bWzSAW9odHRwczovL20uaGluZHVzdGFudGltZXMuY29tL2J1c2luZXNzLW5ld3MvY2FsbHMtZm9yLXJhdGUtY3V0LWdyb3ctbG91ZGVyL3N0b3J5LUV0ZGtZZjFwOTVkRFhWaGlLQ3hVZVBfYW1wLmh0bWw?hl=en-IN&gl=IN&ceid=IN%3Aen
35,Could Hydroxychloroquine and Azithromycin be an effective treatment for COVID19?,As the outbreak of COVID19 continues to grow worldwide with no sign of slowing down a recent study carried out by the French researchers has provided a new ray of hope for the patients The preliminary result of an openlabel nonrandomised clinical trial suggests that a combination of hydroxychloroquine and azithromycin drugs can be quite effective in treating the disease which has till now claimed 13 000 lives across the globeThe study was carried out by a team of French researchers after it was reported that the combination of drugs was effective on Chinese patient infected with the new strains of coronavirus For the study the researchers gave 600 mg of hydroxychloroquine daily to a group of patients suffering from COVID19 from early March to March 16 After this the viral load in nasopharyngeal swabs of the patients were tested daily in a hospital Based on the result and the medical condition of the patients azithromycin was added to the treatmentAt the end of the study 22 patients were treated and showed a significant reduction of the viral carriage in three to six days using this combination of drugs In this process the heart muscle takes longer than normal to recharge between beats,,,https://news.google.com/articles/CAIiED_V1sVjWJI_RHgu3Smr0OEqGQgEKhAIACoHCAowzrL9CjDC7vQCMJPi1gU?hl=en-IN&gl=IN&ceid=IN%3Aen
36,Ipca and Cadila Healthcare gear up to make drug for coronavirus,Hydroxychloroquine a drug whose largest manufacturer is an Indian firm has shot into the limelight after the US president advocated it as potential therapy for COVID19 Vadodarabased drug major Alembic is the domestic market leader with its brand Azithral with an almost 30 per cent share Pankaj Patel chairman of Cadila Healthcare said the firm was producing 20 tonnes of Hydroxy­chloroquine per month and had started ramping up production Ipca used to make 600 tonnes of chloroquine phosphate an antimalarial drug a year and had an 80 per cent share of the global market However the demand for the drug has reduced with cases relating to the particular malaria variant coming down,,,https://news.google.com/articles/CAIiEPAcm7Tenmvqak3Ys6jhucgqGQgEKhAIACoHCAowsLXdCjCm3dEBMOThpAM?hl=en-IN&gl=IN&ceid=IN%3Aen
37,"Petrol, diesel price unchanged for 7 consecutive days. 5 things to know",NEW DELHI  Even as crude oil rates have fallen to about 25 a barrel petrol and diesel prices have been left unchanged by staterun fuel retailers for seven days in a row In Delhi a litre of petrol is priced at ₹6959 per litre and diesel at ₹6229 per litre today In Mumbai petrol is selling at ₹7530 per litre and diesel at ₹6521 per litre In Chennai a litre of petrol will cost ₹7228 per litre whereas diesel is now priced at ₹6571 per litre In Hyderabad petrol pumps are charging ₹7397 for petrol and ₹6782 for diesel,23-03-2020,09:09:08,https://news.google.com/articles/CBMifWh0dHBzOi8vd3d3LmxpdmVtaW50LmNvbS9uZXdzL2luZGlhL3BldHJvbC1kaWVzZWwtcHJpY2UtdW5jaGFuZ2VkLWZvci03LWNvbnNlY3V0aXZlLWRheXMtNS10aGluZ3MtdG8ta25vdy0xMTU4NDkzMTg0NTg5My5odG1s0gGBAWh0dHBzOi8vd3d3LmxpdmVtaW50LmNvbS9uZXdzL2luZGlhL3BldHJvbC1kaWVzZWwtcHJpY2UtdW5jaGFuZ2VkLWZvci03LWNvbnNlY3V0aXZlLWRheXMtNS10aGluZ3MtdG8ta25vdy9hbXAtMTE1ODQ5MzE4NDU4OTMuaHRtbA?hl=en-IN&gl=IN&ceid=IN%3Aen
38,"Bitcoin Price (BTC) Bottom Could Be In, Suggests Mining Difficulty Cycle",On March 27 the mining difficulty of bitcoin is set to drop by 102 percent Cryptocurrency analyst Nunya Bizniz said “Bitcoin difficulty adjustments alter the difficulty of miners finding blocks Market bottom”The mining difficulty adjustment of bitcoin comes after the substantial drop in the BTC price from 8000 to 6200 within less than two weeks Mining difficulty adjustment of over 10 often marks bitcoin bottom but not all the timeIn the past nine years bitcoin experienced five mining difficulty adjustments of over 10 percent In October 2011 when the mining difficulty of bitcoin was adjusted by 18 percent the bitcoin price further dropped by around 30 percent before it started to recover to previous resistance levels,22-03-2020,12:08:15,https://news.google.com/articles/CAIiEA_avddEAArINnHmal73iYMqGQgEKhAIACoHCAowzLaVCzDdmqsDMPaQxgY?hl=en-IN&gl=IN&ceid=IN%3Aen
39,Twitter says won’t remove Musk’s false ‘children’ tweet on coronavirus,techUpdated Mar 21 2020 1613 ISTTwitter has said it will not remove a controversial tweet by Tesla and SpaceX CEO Elon Musk that children are “essentially immune” to the new coronavirus The microblogging platform flouted its own new rules which say misinformation about children and the coronavirus is kind of content that need to be removed A Twitter spokesperson told CNN Business on Friday that it reviewed Musk’s tweet and determined it did not break its rules Musk had tweeted “Kids are essentially immune but elderly with existing conditions are vulnerable Musk’s assertion was contradicted at a White House podium by global health expert Dr Deborah Birx the White House coronavirus task force response coordinator,21-03-2020,16:13:10,https://news.google.com/articles/CAIiENWTEoR5CvICEMY1eIZphbEqFggEKg4IACoGCAoww7k_MMevCDCJzgE?hl=en-IN&gl=IN&ceid=IN%3Aen
40,"Gold price tops Rs 41,000 per 10 gram, silver up Rs 1,920 per kg",Gold prices jumped Rs 839 to Rs 41335 per 10 gram in Mumbai bullion market on a weaker dollar and safehaven appeal The rate of 10 gram 22carat gold in Mumbai was Rs 37863 plus 3 percent GST while 24carat 10 gram was Rs 41335 plus GST Silver prices rose Rs 1920 to Rs 37140 per kg from its closing on March 19 Gold contracts for June delivery gained Rs 667 or 167 percent at Rs 40571 per 10 gram in a business turnover of 13152 lots MCX Gold has intraday resistance at Rs 4103541270 whereas support is placed at Rs 4042540200 levels according to Motilal Oswal,,,https://news.google.com/articles/CBMigQFodHRwczovL3d3dy5tb25leWNvbnRyb2wuY29tL25ld3MvYnVzaW5lc3MvY29tbW9kaXRpZXMvZ29sZC1wcmljZS10b3BzLXJzLTQxMDAwLXBlci0xMC1ncmFtLXNpbHZlci11cC1ycy0xOTIwLXBlci1rZy01MDU1NjkxLmh0bWzSAYUBaHR0cHM6Ly93d3cubW9uZXljb250cm9sLmNvbS9uZXdzL2J1c2luZXNzL2NvbW1vZGl0aWVzL2dvbGQtcHJpY2UtdG9wcy1ycy00MTAwMC1wZXItMTAtZ3JhbS1zaWx2ZXItdXAtcnMtMTkyMC1wZXIta2ctNTA1NTY5MS5odG1sL2FtcA?hl=en-IN&gl=IN&ceid=IN%3Aen
41,2020 Maruti Suzuki Dzire - Now in pictures,Maruti Suzuki has recently introduced the Dzire facelift in India in the form of the petrol version only The latest iteration of the Dzire is priced from Rs 589 lakh exshowroom Delhi and is on sale now The refreshed Dzire boasts of a redesigned front grille that has a chrome frame The updated Dzire comes powered by a 12litre fourcylinder DualJet petrol engine that gets idle startstop function This engine is claimed to deliver an ARAI claimed fuel economy of 2326kmpl MT and 2412kmpl AMT,22-03-2020,22:16:00,https://news.google.com/articles/CAIiEBfskFj4HamkzBjJFT6c5C8qMwgEKioIACIQKEE3OXg4IjLjNuXUacJmBCoUCAoiEChBNzl4OCIy4zbl1GnCZgQwqPDFBg?hl=en-IN&gl=IN&ceid=IN%3Aen
42,"China’s Economy to Return Fast to Potential Growth, PBOC Says",BloombergBloomberg  Quint is a multiplatform Indian business and financial news company We combine Bloomberg’s global leadership in business and financial news and data with Quintillion Media’s deep expertise in the Indian market and digital news delivery to provide high quality business news insights and trends for India’s sophisticated audiences,,,https://news.google.com/articles/CAIiEKI4hN30UNHILoibzJOYPtQqGQgEKhAIACoHCAowqvSQCzD0nKUDMM3htQY?hl=en-IN&gl=IN&ceid=IN%3Aen
43,"After Hindustan Unilever moves Bombay HC, Dettol suspends handwash ad",Hindustan Unilever Limited HUL which produces Lifebuoy soap moved court seeking damages against Dettol Hindustan Unilever Limited HUL which produces Lifebuoy soap moved court seeking damages against Dettol A single judge bench of Justice K R Shriram heard HUL’s plea on Friday It was submitted by HUL that as per WHO guidelines washing hands with soap and water is an effective way to protect people from such a virus Click here to join our channel indianexpress and stay updated with the latest headlinesFor all the latest Mumbai News download Indian Express App,23-03-2020,11:36:11,https://news.google.com/articles/CAIiENpJJigIioaNHayWIY8rY38qGAgEKg8IACoHCAow3rvTBDD89X4w8YzmBQ?hl=en-IN&gl=IN&ceid=IN%3Aen
44,Hyundai Creta 2020 vs Kia Seltos vs Renault Duster vs Mahindra Scorpio vs Nissan Kicks: Specification Comparison,Published On Mar 22 2020 0200 PM By Rohit for Hyundai CretaThe secondgen Hyundai Creta is offered with BS6compliant engines and new features EnginesPetrolAll compact SUVs come with BS6compliant petrol engines except for the Nissan Kicks and the Mahindra Scorpio DieselBoth the new Hyundai Creta and the Kia Seltos are offered with BS6compliant 15litre diesel engines PricingHyundai Creta 2020 Kia Seltos Renault Duster Mahindra Scorpio Nissan Kicks Price exshowroom Delhi Rs 999 lakh Rs 179 lakh Rs 989 lakh Rs 1734 lakh Rs 849 lakh Rs 999 lakh Rs 1019 lakh Rs 1683 lakh Rs 955 lakh Rs 1369 lakhRenault’s Duster is the most affordable compact SUV in the segment Even though the Mahindra Scorpio costs the most it is the biggest SUV with a bodyonframe construction,,,https://news.google.com/articles/CBMioQFodHRwczovL3d3dy5jYXJkZWtoby5jb20vaW5kaWEtY2FyLW5ld3MvaHl1bmRhaS1jcmV0YS0yMDIwLXZzLWtpYS1zZWx0b3MtdnMtcmVuYXVsdC1kdXN0ZXItdnMtbWFoaW5kcmEtc2NvcnBpby12cy1uaXNzYW4ta2lja3Mtc3BlY2lmaWNhdGlvbi1jb21wYXJpc29uLTI1MzA1Lmh0bdIBpwFodHRwczovL3d3dy5jYXJkZWtoby5jb20vaW5kaWEtY2FyLW5ld3MvaHl1bmRhaS1jcmV0YS0yMDIwLXZzLWtpYS1zZWx0b3MtdnMtcmVuYXVsdC1kdXN0ZXItdnMtbWFoaW5kcmEtc2NvcnBpby12cy1uaXNzYW4ta2lja3Mtc3BlY2lmaWNhdGlvbi1jb21wYXJpc29uLTI1MzA1Lmh0bT9hbXA9MQ?hl=en-IN&gl=IN&ceid=IN%3Aen
45,"Sebi changes on short selling, F&O positions and cash margins: How will they impact market on Monday?",Why did Sebi change marketwide FO positions Sebi on Friday announced two measures of these the first one was the revision of marketwide position limits A marketwide position limit is the maximum outstanding position allowed across all stock derivative contracts For which FO stocks will Sebis marketwide positions limit apply What this mean is that short positions created by these entities in index derivatives via short futures short Calls or long Puts cannot exceed their holding in stocks in notional value terms,21-03-2020,12:58:00,https://news.google.com/articles/CBMiswFodHRwczovL2Vjb25vbWljdGltZXMuaW5kaWF0aW1lcy5jb20vbWFya2V0cy9zdG9ja3MvbmV3cy9zZWJpLWNoYW5nZXMtb24tc2hvcnQtc2VsbGluZy1mby1wb3NpdGlvbnMtYW5kLWNhc2gtbWFyZ2lucy1ob3ctd2lsbC10aGV5LWltcGFjdC1tYXJrZXQtb24tbW9uZGF5L2FydGljbGVzaG93Lzc0NzQ0MzM4LmNtc9IBrgFodHRwczovL20uZWNvbm9taWN0aW1lcy5jb20vbWFya2V0cy9zdG9ja3MvbmV3cy9zZWJpLWNoYW5nZXMtb24tc2hvcnQtc2VsbGluZy1mby1wb3NpdGlvbnMtYW5kLWNhc2gtbWFyZ2lucy1ob3ctd2lsbC10aGV5LWltcGFjdC1tYXJrZXQtb24tbW9uZGF5L2FtcF9hcnRpY2xlc2hvdy83NDc0NDMzOC5jbXM?hl=en-IN&gl=IN&ceid=IN%3Aen
46,2020 Harley-Davidson Iron 883 BS6 price announced,With the BS6 deadline just a few days away all the automakers have started rolling out the mandatory BS6 updates Now the American motorcycle maker HarleyDavidson has also announced the pricing of its BS6 compliant Iron 883 motorcycle which is priced in the range of ₹667500 to ₹974000 Also Read 2020 HarleyDavidson Fat Boy BS 6 price details confirmedThe Iron 883 get its name from its 883 cc Aircooled Evolution engine which comes with Electronic Sequential Port Fuel Injection ESPFI and delivers 70 Nm at 3500 rpm The Iron 883 has a 27 degrees lean angle on the right an 28 degrees lean angle on the left The 2020 Iron 883 is featured in four different colouing options including Black Denim Barracuda Silver Denim River Rock Gray and Scorchied OrangeSilver Flux,22-03-2020,14:49:37,https://news.google.com/articles/CBMid2h0dHBzOi8vYXV0by5oaW5kdXN0YW50aW1lcy5jb20vYXV0by90d28td2hlZWxlcnMvMjAyMC1oYXJsZXktZGF2aWRzb24taXJvbi04ODMtYnM2LXByaWNlLWFubm91bmNlZC00MTU4NDg2NTUwNzg0OS5odG1s0gF7aHR0cHM6Ly9hdXRvLmhpbmR1c3RhbnRpbWVzLmNvbS9hdXRvL3R3by13aGVlbGVycy8yMDIwLWhhcmxleS1kYXZpZHNvbi1pcm9uLTg4My1iczYtcHJpY2UtYW5ub3VuY2VkL2FtcC00MTU4NDg2NTUwNzg0OS5odG1s?hl=en-IN&gl=IN&ceid=IN%3Aen
47,"Govt move will help pharma industry, boost healthcare: Experts",The announcement by the Government will help revive the API industry in the country and will help the sector regain the dominance that was lost over the years However the industry is dependent on China for many APIs and KSMs which go into the manufacturing of formulations The government policy to encourage fermentation based industry will help build selfreliance” said Pankaj Patel chairman Zydus Cadila Collectively IPA companies account for at least 85 of the private sector investment in pharmaceutical research and development “The new policy is a bold announcement by the government and will give the necessary fillip to the API industry in India this will safeguard healthcare security and create ecosystem for strong Indian API industry” said Dilip Shanghvi managing director Sun Pharma,22-03-2020,13:12:42,https://news.google.com/articles/CAIiEOj8Eu0ZjLcQeK3y11O6YEQqFggEKg4IACoGCAoww7k_MMevCDDpywE?hl=en-IN&gl=IN&ceid=IN%3Aen
48,A new type of COVID-19 test now approved for use could help with frontline diagnostics – TechCrunch,One type of test just approved for use could help expand the availability of frontline testing in hospitals and at clinics where patients are receiving care – without requiring roundtripping to a dedicated diagnostics lab Cepheid says that around 23000 of its GeneXpert microlabs are already in use around the world with around 5000 of those located in the US The company’s hardware has been running tests for the flu for years already with high reliability rates The new COVID19 tests for the system will begin to be shipped out by the Sunnyvalebased molecular diagnostics company starting next week Testing in the US has increased over the past week thanks in large part to widespread efforts to expand availability especially in hardhit regions like New York State,22-03-2020,06:45:00,https://news.google.com/articles/CAIiEMMOk7NbpOsCw26NLpcuen8qFAgEKg0IACoGCAowlIEBMLEXMOc_?hl=en-IN&gl=IN&ceid=IN%3Aen
49,Janata Curfew: Ola & Uber to Offer Limited Cab Service for Essential Travel,New Delhi Ride hailing companies Ola and Uber will operate limited cabs during the Janata curfew hours on Sunday for essential travels As per the Prime Ministers appeal to the nation to take part in the Janata curfew we encourage all our users across India to avoid all nonessential travel from 7am to 9pm tomorrow We will have limited availability of vehicles to support essential and emergency travel during this period an Ola spokesperson said in a statement In line with the governments advisory we urge riders to observe the Janata Curfew on Sunday March 22 However we will offer services to meet the essential and urgent travel needs of the communities we serve Uber said,,,https://news.google.com/articles/CAIiELqcVh5GznzXoOnJ5NN4DI0qGQgEKhAIACoHCAow5qqNCzD4q58DMJahzgY?hl=en-IN&gl=IN&ceid=IN%3Aen
50,"Fake news: Trump announces coronavirus vaccine, Roche Diagnostics thanks US president",News of US President Donald Trump announcing that a company has succeeded in developing a vaccine for coronavirus is going viral It is said that pharmaceutical company Roche Diagnostics has successfully developed the vaccine that will be launched soon But the news is fake and so far no company has been successful in developing a coronavirus vaccine A video in which the president and CEO of the NorthAmerican division of Roche Diagnostics Matt Sauce thanks the US president for rapid approval is also going viral So it was the test Trump was talking about and not a coronavirus vaccine,22-03-2020,20:24:34,https://news.google.com/articles/CBMicGh0dHBzOi8vd3d3LmlidGltZXMuc2cvZmFrZS1uZXdzLXRydW1wLWFubm91bmNlcy1jb3JvbmF2aXJ1cy12YWNjaW5lLXJvY2hlLWRpYWdub3N0aWNzLXRoYW5rcy11cy1wcmVzaWRlbnQtNDE0ODHSAXBodHRwczovL2FtcC5pYnRpbWVzLnNnL2Zha2UtbmV3cy10cnVtcC1hbm5vdW5jZXMtY29yb25hdmlydXMtdmFjY2luZS1yb2NoZS1kaWFnbm9zdGljcy10aGFua3MtdXMtcHJlc2lkZW50LTQxNDgx?hl=en-IN&gl=IN&ceid=IN%3Aen
51,"Ola, Uber suspend ride-sharing option across India",India’s two biggest appbased aggregator cab services Uber and Ola have decided to suspend their ridesharing option — Uber Pool and Ola Share — in the light of the rising cases of COVID19 in the country In line with the Government advisory we urge people to stay safe and discourage nonessential travel” a Uber spokesperson said Ola has also temporarily suspended its “Ola Share” category until further notice The temporary suspension of Ola Share services is an attempt to encourage social distancing for all cases of essential travel for citizens” a statement of the company read It added that they will continue to provide essential travel through their other offerings,,,https://news.google.com/articles/CAIiEB42-q_7JxK2NG2fshUsZbsqGQgEKhAIACoHCAowiYr-CjD1iIoDMPfYzgY?hl=en-IN&gl=IN&ceid=IN%3Aen
52,"Top buy and sell ideas by Ashwani Gujral, Sudarshan Sukhani, Mitesh Thakkar for short term",The BSE Sensex and Nifty cracked more than 12 percent the biggest weekly loss since October 2008 the height of the global financial crisis According to the pivot charts the key support level for Nifty is placed at 832143 followed by 789742 The important pivot level which will act as crucial support for the index is placed at 1941354 followed by 1850947 The views and investment tips expressed by investment experts on moneycontrolcom are their own and not that of the website or its management Moneycontrolcom advises users to check with certified experts before taking any investment decisions​,,,https://news.google.com/articles/CBMimgFodHRwczovL3d3dy5tb25leWNvbnRyb2wuY29tL25ld3MvYnVzaW5lc3Mvc3RvY2tzL3RvcC1idXktYW5kLXNlbGwtaWRlYXMtYnktYXNod2FuaS1ndWpyYWwtc3VkYXJzaGFuLXN1a2hhbmktbWl0ZXNoLXRoYWtrYXItZm9yLXNob3J0LXRlcm0tNjMtNTA1OTgzMS5odG1s0gGeAWh0dHBzOi8vd3d3Lm1vbmV5Y29udHJvbC5jb20vbmV3cy9idXNpbmVzcy9zdG9ja3MvdG9wLWJ1eS1hbmQtc2VsbC1pZGVhcy1ieS1hc2h3YW5pLWd1anJhbC1zdWRhcnNoYW4tc3VraGFuaS1taXRlc2gtdGhha2thci1mb3Itc2hvcnQtdGVybS02My01MDU5ODMxLmh0bWwvYW1w?hl=en-IN&gl=IN&ceid=IN%3Aen
53,"Coronavirus effect: Netflix, Amazon Prime Video and others to cease HD content streaming",Must read  Coronavirus live updates New cases come in thick and fastSo far Netflix has agreed to the commissioners request and will be lowering the HD video streaming bitrate a period of 30 days New update belowNote To view HD content on Netflix devices display should have minimum support of 720p And on devices with full HD or greater resolution display Netflix can switch the content quality from 720p to 1080p — Thierry Breton ThierryBreton March 18 2020An hour of HD content consumes 3GB and 7GB for Ultra HD while the SD content requires 07GB per hour on Netflix Update 1825 pm ISTMarch 20Googles YouTube too has announced to reduce the HD streaming to SD in Europe,20-03-2020,11:32:17,https://news.google.com/articles/CBMiiAFodHRwczovL3d3dy5kZWNjYW5oZXJhbGQuY29tL3NwZWNpYWxzL2Nvcm9uYXZpcnVzLWVmZmVjdC1uZXRmbGl4LWFtYXpvbi1wcmltZS12aWRlby1hbmQtb3RoZXJzLXRvLWNlYXNlLWhkLWNvbnRlbnQtc3RyZWFtaW5nLTgxNTYyMi5odG1s0gGMAWh0dHBzOi8vd3d3LmRlY2NhbmhlcmFsZC5jb20vYW1wL3NwZWNpYWxzL2Nvcm9uYXZpcnVzLWVmZmVjdC1uZXRmbGl4LWFtYXpvbi1wcmltZS12aWRlby1hbmQtb3RoZXJzLXRvLWNlYXNlLWhkLWNvbnRlbnQtc3RyZWFtaW5nLTgxNTYyMi5odG1s?hl=en-IN&gl=IN&ceid=IN%3Aen
54,General Motors to make ventilators amid coronavirus crisis,San Francisco In a bid to help battle the novel coronavirus pandemic General Motors has announced it will use its resources to help produce muchneeded ventilators for treating COVID19 patients In a joint statement GM and Ventec Life Systems  cooperating with StopTheSpreadorg which is the private sector response to COVID19  said they are collaborating to boost production of Ventec ventilators reports Forbes GM has taken a cue from Fiat Chrysler and Ford to shut down all North American auto production amid the spread of COVID19 the disease the novel coronavirus causes By tapping their expertise GM is enabling us to get more ventilators to more hospitals much faster Tesla CEO Elon Musk has also said he will help make ventilators to help the US health system fight the pandemic,21-03-2020,14:45:08,https://news.google.com/articles/CBMidmh0dHBzOi8vd3d3LmxpdmVtaW50LmNvbS9jb21wYW5pZXMvbmV3cy9nZW5lcmFsLW1vdG9ycy10by1tYWtlLXZlbnRpbGF0b3JzLWFtaWQtY29yb25hdmlydXMtY3Jpc2lzLTExNTg0NzgxNzc0MTQyLmh0bWzSAXpodHRwczovL3d3dy5saXZlbWludC5jb20vY29tcGFuaWVzL25ld3MvZ2VuZXJhbC1tb3RvcnMtdG8tbWFrZS12ZW50aWxhdG9ycy1hbWlkLWNvcm9uYXZpcnVzLWNyaXNpcy9hbXAtMTE1ODQ3ODE3NzQxNDIuaHRtbA?hl=en-IN&gl=IN&ceid=IN%3Aen
55,Modi’s ‘stay at home’ call may deepen India’s economic slowdown,Modi advised all citizens to stay at home for a day on March 22 as he sought to stem the spread of the coronavirus In the country’s vast informal sector socialdistancing measures could mean a dent to productivity and consumption because of job or pay losses Before the virus outbreak India had forecast growth to recover to 665 in the next fiscal year “The option to work remotely simply won’t exist for most” said Shilan Shah an economist with Capital Economics Pte Work from home is posing implementation challenges for the manufacturing sector where workers are required to be physically present at the production sites,21-03-2020,11:57:27,https://news.google.com/articles/CAIiED7dI8EyHj5OSXpUgs7WvmQqGQgEKhAIACoHCAow55veCjDzvdUBMIPh5gU?hl=en-IN&gl=IN&ceid=IN%3Aen
56,"Coronavirus impact on auto sector: Indian auto industry may suffer an estimated revenue loss of Rs 15,000 crore, Auto News, ET Auto",With an annual business size of 104 billion Rs 78 lakh crore the sector earns a gross revenue of about Rs 2000 crore every day The company will shut production and office operations at its facilities in Gurugram and Manesar Haryana with immediate effect till further notice The duration of this shutdown will depend upon government policy Maruti Suzuki said in a regulatory filing on Sunday But seeing the exponential rise in coronavirus cases in the country in the past two days experts opine that the industry is heading towards a 100 percent shutdown As per the latest Union Health Ministry data coronavirus cases in India have climbed to 396 till Sunday night,,,https://news.google.com/articles/CBMiogFodHRwczovL2F1dG8uZWNvbm9taWN0aW1lcy5pbmRpYXRpbWVzLmNvbS9uZXdzL2luZHVzdHJ5L2Nvcm9uYXZpcnVzLWltcGFjdC1pbmRpYW4tYXV0by1pbmR1c3RyeS10by1zdWZmZXItYW4tZXN0aW1hdGVkLWxvc3Mtb2YtcnMtMTUwMDAtY3JvcmUtYnktbWFyY2gtMzEvNzQ3NjI4NTHSAaYBaHR0cHM6Ly9hdXRvLmVjb25vbWljdGltZXMuaW5kaWF0aW1lcy5jb20vYW1wL25ld3MvaW5kdXN0cnkvY29yb25hdmlydXMtaW1wYWN0LWluZGlhbi1hdXRvLWluZHVzdHJ5LXRvLXN1ZmZlci1hbi1lc3RpbWF0ZWQtbG9zcy1vZi1ycy0xNTAwMC1jcm9yZS1ieS1tYXJjaC0zMS83NDc2Mjg1MQ?hl=en-IN&gl=IN&ceid=IN%3Aen
57,"Faced with Over 75 lakh Job Cuts, US Airlines Warn Govt of 'Draconian' Steps in Absence of Help",Washington The chief executives of the largest US airline companies asked Congress Saturday for urgent help avoiding widespread layoffs among the industrys 750000 employees The breadth and immediacy of the need to act cannot be overstated it said It is urgent and unprecedented”Airlines for America represents American Airlines United Airlines Delta Air Lines and Southwest Airlines as well as shippers FedEx and UPS Over the past decade the letter said the industry had reinvested 73 percent of its operational earnings in our personnel and our products The pandemic has had a devastating effect on air transport in the United States and elsewhere as several countries have imposed farreaching travel bans,22-03-2020,08:11:09,https://news.google.com/articles/CAIiEIUqvWG0bfzmmSHU27ms9IcqGQgEKhAIACoHCAow5qqNCzD4q58DMJahzgY?hl=en-IN&gl=IN&ceid=IN%3Aen
58,Hyundai Verna facelift with chrome grille spotted,The new Hyundai Verna sporting a chrome grille has been spotted at a dealership The Verna facelift gets a redesigned chrome grille flanked by wraparound LED headlights The car has a new front bumper that houses circular fog lamps and has a chrome insert below the air dam The new Verna will also be offered with a gloss black grille The Verna will be offered with a 10litre turbo petrol engine mated to a 7speed dualclutch transmission a 15litre petrol paired with either a 6speed manual or CVT and a 15litre diesel engine mated to either a 6speed manual or 6speed automatic gearbox,,,https://news.google.com/articles/CBMiSmh0dHBzOi8vd3d3LnRlYW0tYmhwLmNvbS9uZXdzL2h5dW5kYWktdmVybmEtZmFjZWxpZnQtY2hyb21lLWdyaWxsZS1zcG90dGVk0gFOaHR0cHM6Ly93d3cudGVhbS1iaHAuY29tL25ld3MvaHl1bmRhaS12ZXJuYS1mYWNlbGlmdC1jaHJvbWUtZ3JpbGxlLXNwb3R0ZWQ_YW1w?hl=en-IN&gl=IN&ceid=IN%3Aen
